image_path,prob_normal,prob_anomaly,pred_label,pred_name,model,fold
/home/opgw/KEPCO_May/ViT-B + CLAdapter SFT_new/dataset/Dataset_0622/normal/104649.021_s25_d99900_f-1598_wire_0.jpg,1.0,0.0,0,normal,vitb_cla_sft2,9
/home/opgw/KEPCO_May/ViT-B + CLAdapter SFT_new/dataset/Dataset_0622/normal/104649.021_s25_d99900_f-1598_wire_1.jpg,1.0,0.0,0,normal,vitb_cla_sft2,9
/home/opgw/KEPCO_May/ViT-B + CLAdapter SFT_new/dataset/Dataset_0622/normal/104649.021_s25_d99900_f-1598_wire_2.jpg,1.0,0.0,0,normal,vitb_cla_sft2,9
/home/opgw/KEPCO_May/ViT-B + CLAdapter SFT_new/dataset/Dataset_0622/normal/104649.021_s25_d99900_f-1598_wire_3.jpg,1.0,0.0,0,normal,vitb_cla_sft2,9
/home/opgw/KEPCO_May/ViT-B + CLAdapter SFT_new/dataset/Dataset_0622/normal/104649.021_s25_d99900_f-1598_wire_4.jpg,1.0,0.0,0,normal,vitb_cla_sft2,9
/home/opgw/KEPCO_May/ViT-B + CLAdapter SFT_new/dataset/Dataset_0622/normal/104649.021_s25_d99900_f-1598_wire_5.jpg,1.0,0.0,0,normal,vitb_cla_sft2,9
/home/opgw/KEPCO_May/ViT-B + CLAdapter SFT_new/dataset/Dataset_0622/normal/104649.021_s25_d99900_f-1598_wire_6.jpg,1.0,0.0,0,normal,vitb_cla_sft2,9
/home/opgw/KEPCO_May/ViT-B + CLAdapter SFT_new/dataset/Dataset_0622/normal/104654.874_s25_d99900_f-1517_wire_0.jpg,1.0,0.0,0,normal,vitb_cla_sft2,9
/home/opgw/KEPCO_May/ViT-B + CLAdapter SFT_new/dataset/Dataset_0622/normal/104654.874_s25_d99900_f-1517_wire_1.jpg,1.0,0.0,0,normal,vitb_cla_sft2,9
/home/opgw/KEPCO_May/ViT-B + CLAdapter SFT_new/dataset/Dataset_0622/normal/104654.874_s25_d99900_f-1517_wire_2.jpg,1.0,0.0,0,normal,vitb_cla_sft2,9
/home/opgw/KEPCO_May/ViT-B + CLAdapter SFT_new/dataset/Dataset_0622/normal/104658.417_s25_d4833_f-1631_wire_0.jpg,1.0,0.0,0,normal,vitb_cla_sft2,9
/home/opgw/KEPCO_May/ViT-B + CLAdapter SFT_new/dataset/Dataset_0622/normal/104658.417_s25_d4833_f-1631_wire_1.jpg,1.0,0.0,0,normal,vitb_cla_sft2,9
/home/opgw/KEPCO_May/ViT-B + CLAdapter SFT_new/dataset/Dataset_0622/normal/104658.417_s25_d4833_f-1631_wire_2.jpg,1.0,0.0,0,normal,vitb_cla_sft2,9
/home/opgw/KEPCO_May/ViT-B + CLAdapter SFT_new/dataset/Dataset_0622/normal/104658.417_s25_d4833_f-1631_wire_3.jpg,1.0,0.0,0,normal,vitb_cla_sft2,9
/home/opgw/KEPCO_May/ViT-B + CLAdapter SFT_new/dataset/Dataset_0622/normal/104658.417_s25_d4833_f-1631_wire_4.jpg,1.0,0.0,0,normal,vitb_cla_sft2,9
/home/opgw/KEPCO_May/ViT-B + CLAdapter SFT_new/dataset/Dataset_0622/normal/104658.417_s25_d4833_f-1631_wire_5.jpg,1.0,0.0,0,normal,vitb_cla_sft2,9
/home/opgw/KEPCO_May/ViT-B + CLAdapter SFT_new/dataset/Dataset_0622/normal/104658.417_s25_d4833_f-1631_wire_6.jpg,1.0,0.0,0,normal,vitb_cla_sft2,9
/home/opgw/KEPCO_May/ViT-B + CLAdapter SFT_new/dataset/Dataset_0622/normal/104658.417_s25_d4833_f-1631_wire_7.jpg,1.0,0.0,0,normal,vitb_cla_sft2,9
/home/opgw/KEPCO_May/ViT-B + CLAdapter SFT_new/dataset/Dataset_0622/normal/104658.417_s25_d4833_f-1631_wire_8.jpg,1.0,0.0,0,normal,vitb_cla_sft2,9
/home/opgw/KEPCO_May/ViT-B + CLAdapter SFT_new/dataset/Dataset_0622/normal/104804.674_s25_d3113_f-1849_wire_0.jpg,1.0,0.0,0,normal,vitb_cla_sft2,9
/home/opgw/KEPCO_May/ViT-B + CLAdapter SFT_new/dataset/Dataset_0622/normal/104804.674_s25_d3113_f-1849_wire_1.jpg,1.0,0.0,0,normal,vitb_cla_sft2,9
/home/opgw/KEPCO_May/ViT-B + CLAdapter SFT_new/dataset/Dataset_0622/normal/104804.674_s25_d3113_f-1849_wire_2.jpg,1.0,0.0,0,normal,vitb_cla_sft2,9
/home/opgw/KEPCO_May/ViT-B + CLAdapter SFT_new/dataset/Dataset_0622/normal/104804.674_s25_d3113_f-1849_wire_3.jpg,1.0,0.0,0,normal,vitb_cla_sft2,9
/home/opgw/KEPCO_May/ViT-B + CLAdapter SFT_new/dataset/Dataset_0622/normal/104804.674_s25_d3113_f-1849_wire_4.jpg,1.0,0.0,0,normal,vitb_cla_sft2,9
/home/opgw/KEPCO_May/ViT-B + CLAdapter SFT_new/dataset/Dataset_0622/normal/104812.673_s25_d3968_f-1782_wire_0.jpg,1.0,0.0,0,normal,vitb_cla_sft2,9
/home/opgw/KEPCO_May/ViT-B + CLAdapter SFT_new/dataset/Dataset_0622/normal/104812.673_s25_d3968_f-1782_wire_1.jpg,1.0,0.0,0,normal,vitb_cla_sft2,9
/home/opgw/KEPCO_May/ViT-B + CLAdapter SFT_new/dataset/Dataset_0622/normal/104853.080_s25_d3666_f-1637_wire_0.jpg,1.0,0.0,0,normal,vitb_cla_sft2,9
/home/opgw/KEPCO_May/ViT-B + CLAdapter SFT_new/dataset/Dataset_0622/normal/104853.080_s25_d3666_f-1637_wire_1.jpg,1.0,0.0,0,normal,vitb_cla_sft2,9
/home/opgw/KEPCO_May/ViT-B + CLAdapter SFT_new/dataset/Dataset_0622/normal/104853.080_s25_d3666_f-1637_wire_2.jpg,1.0,0.0,0,normal,vitb_cla_sft2,9
/home/opgw/KEPCO_May/ViT-B + CLAdapter SFT_new/dataset/Dataset_0622/normal/105049.602_s25_d4835_f-1758_wire_0.jpg,1.0,0.0,0,normal,vitb_cla_sft2,9
/home/opgw/KEPCO_May/ViT-B + CLAdapter SFT_new/dataset/Dataset_0622/normal/105049.602_s25_d4835_f-1758_wire_1.jpg,1.0,0.0,0,normal,vitb_cla_sft2,9
/home/opgw/KEPCO_May/ViT-B + CLAdapter SFT_new/dataset/Dataset_0622/normal/105049.602_s25_d4835_f-1758_wire_10.jpg,1.0,0.0,0,normal,vitb_cla_sft2,9
/home/opgw/KEPCO_May/ViT-B + CLAdapter SFT_new/dataset/Dataset_0622/normal/105049.602_s25_d4835_f-1758_wire_11.jpg,1.0,0.0,0,normal,vitb_cla_sft2,9
/home/opgw/KEPCO_May/ViT-B + CLAdapter SFT_new/dataset/Dataset_0622/normal/105049.602_s25_d4835_f-1758_wire_12.jpg,1.0,0.0,0,normal,vitb_cla_sft2,9
/home/opgw/KEPCO_May/ViT-B + CLAdapter SFT_new/dataset/Dataset_0622/normal/105049.602_s25_d4835_f-1758_wire_13.jpg,1.0,0.0,0,normal,vitb_cla_sft2,9
/home/opgw/KEPCO_May/ViT-B + CLAdapter SFT_new/dataset/Dataset_0622/normal/105049.602_s25_d4835_f-1758_wire_14.jpg,1.0,0.0,0,normal,vitb_cla_sft2,9
/home/opgw/KEPCO_May/ViT-B + CLAdapter SFT_new/dataset/Dataset_0622/normal/105049.602_s25_d4835_f-1758_wire_2.jpg,1.0,0.0,0,normal,vitb_cla_sft2,9
/home/opgw/KEPCO_May/ViT-B + CLAdapter SFT_new/dataset/Dataset_0622/normal/105049.602_s25_d4835_f-1758_wire_3.jpg,1.0,0.0,0,normal,vitb_cla_sft2,9
/home/opgw/KEPCO_May/ViT-B + CLAdapter SFT_new/dataset/Dataset_0622/normal/105049.602_s25_d4835_f-1758_wire_4.jpg,1.0,0.0,0,normal,vitb_cla_sft2,9
/home/opgw/KEPCO_May/ViT-B + CLAdapter SFT_new/dataset/Dataset_0622/normal/105049.602_s25_d4835_f-1758_wire_5.jpg,1.0,0.0,0,normal,vitb_cla_sft2,9
/home/opgw/KEPCO_May/ViT-B + CLAdapter SFT_new/dataset/Dataset_0622/normal/105049.602_s25_d4835_f-1758_wire_6.jpg,1.0,0.0,0,normal,vitb_cla_sft2,9
/home/opgw/KEPCO_May/ViT-B + CLAdapter SFT_new/dataset/Dataset_0622/normal/105049.602_s25_d4835_f-1758_wire_7.jpg,1.0,0.0,0,normal,vitb_cla_sft2,9
/home/opgw/KEPCO_May/ViT-B + CLAdapter SFT_new/dataset/Dataset_0622/normal/105049.602_s25_d4835_f-1758_wire_8.jpg,1.0,0.0,0,normal,vitb_cla_sft2,9
/home/opgw/KEPCO_May/ViT-B + CLAdapter SFT_new/dataset/Dataset_0622/normal/105049.602_s25_d4835_f-1758_wire_9.jpg,1.0,0.0,0,normal,vitb_cla_sft2,9
/home/opgw/KEPCO_May/ViT-B + CLAdapter SFT_new/dataset/Dataset_0622/normal/105137.853_s25_d4009_f-1719_wire_0.jpg,1.0,0.0,0,normal,vitb_cla_sft2,9
/home/opgw/KEPCO_May/ViT-B + CLAdapter SFT_new/dataset/Dataset_0622/normal/105137.853_s25_d4009_f-1719_wire_1.jpg,1.0,0.0,0,normal,vitb_cla_sft2,9
/home/opgw/KEPCO_May/ViT-B + CLAdapter SFT_new/dataset/Dataset_0622/normal/105137.853_s25_d4009_f-1719_wire_2.jpg,1.0,0.0,0,normal,vitb_cla_sft2,9
/home/opgw/KEPCO_May/ViT-B + CLAdapter SFT_new/dataset/Dataset_0622/normal/105137.853_s25_d4009_f-1719_wire_3.jpg,1.0,0.0,0,normal,vitb_cla_sft2,9
/home/opgw/KEPCO_May/ViT-B + CLAdapter SFT_new/dataset/Dataset_0622/normal/105137.853_s25_d4009_f-1719_wire_4.jpg,1.0,0.0,0,normal,vitb_cla_sft2,9
/home/opgw/KEPCO_May/ViT-B + CLAdapter SFT_new/dataset/Dataset_0622/normal/105139.625_s25_d3354_f-1637_wire_0.jpg,1.0,0.0,0,normal,vitb_cla_sft2,9
/home/opgw/KEPCO_May/ViT-B + CLAdapter SFT_new/dataset/Dataset_0622/normal/105139.625_s25_d3354_f-1637_wire_1.jpg,1.0,0.0,0,normal,vitb_cla_sft2,9
/home/opgw/KEPCO_May/ViT-B + CLAdapter SFT_new/dataset/Dataset_0622/normal/105139.625_s25_d3354_f-1637_wire_2.jpg,1.0,0.0,0,normal,vitb_cla_sft2,9
/home/opgw/KEPCO_May/ViT-B + CLAdapter SFT_new/dataset/Dataset_0622/normal/105139.625_s25_d3354_f-1637_wire_3.jpg,1.0,0.0,0,normal,vitb_cla_sft2,9
/home/opgw/KEPCO_May/ViT-B + CLAdapter SFT_new/dataset/Dataset_0622/normal/105217.526_s25_d99900_f-1437_wire_0.jpg,1.0,0.0,0,normal,vitb_cla_sft2,9
/home/opgw/KEPCO_May/ViT-B + CLAdapter SFT_new/dataset/Dataset_0622/normal/105217.526_s25_d99900_f-1437_wire_1.jpg,1.0,0.0,0,normal,vitb_cla_sft2,9
/home/opgw/KEPCO_May/ViT-B + CLAdapter SFT_new/dataset/Dataset_0622/normal/105217.526_s25_d99900_f-1437_wire_2.jpg,1.0,0.0,0,normal,vitb_cla_sft2,9
/home/opgw/KEPCO_May/ViT-B + CLAdapter SFT_new/dataset/Dataset_0622/normal/105217.526_s25_d99900_f-1437_wire_3.jpg,1.0,0.0,0,normal,vitb_cla_sft2,9
/home/opgw/KEPCO_May/ViT-B + CLAdapter SFT_new/dataset/Dataset_0622/normal/105507.869_s25_d99900_f-1493_wire_0.jpg,1.0,0.0,0,normal,vitb_cla_sft2,9
/home/opgw/KEPCO_May/ViT-B + CLAdapter SFT_new/dataset/Dataset_0622/normal/105507.869_s25_d99900_f-1493_wire_1.jpg,1.0,0.0,0,normal,vitb_cla_sft2,9
/home/opgw/KEPCO_May/ViT-B + CLAdapter SFT_new/dataset/Dataset_0622/normal/105507.869_s25_d99900_f-1493_wire_2.jpg,1.0,0.0,0,normal,vitb_cla_sft2,9
/home/opgw/KEPCO_May/ViT-B + CLAdapter SFT_new/dataset/Dataset_0622/normal/105507.869_s25_d99900_f-1493_wire_3.jpg,1.0,0.0,0,normal,vitb_cla_sft2,9
/home/opgw/KEPCO_May/ViT-B + CLAdapter SFT_new/dataset/Dataset_0622/normal/105511.160_s25_d99900_f-1782_wire_0.jpg,1.0,0.0,0,normal,vitb_cla_sft2,9
/home/opgw/KEPCO_May/ViT-B + CLAdapter SFT_new/dataset/Dataset_0622/normal/105511.160_s25_d99900_f-1782_wire_1.jpg,1.0,0.0,0,normal,vitb_cla_sft2,9
/home/opgw/KEPCO_May/ViT-B + CLAdapter SFT_new/dataset/Dataset_0622/normal/105511.160_s25_d99900_f-1782_wire_2.jpg,1.0,0.0,0,normal,vitb_cla_sft2,9
/home/opgw/KEPCO_May/ViT-B + CLAdapter SFT_new/dataset/Dataset_0622/normal/105511.160_s25_d99900_f-1782_wire_3.jpg,1.0,0.0,0,normal,vitb_cla_sft2,9
/home/opgw/KEPCO_May/ViT-B + CLAdapter SFT_new/dataset/Dataset_0622/normal/105511.451_s25_d99900_f-1782_wire_0.jpg,1.0,0.0,0,normal,vitb_cla_sft2,9
/home/opgw/KEPCO_May/ViT-B + CLAdapter SFT_new/dataset/Dataset_0622/normal/105511.451_s25_d99900_f-1782_wire_1.jpg,1.0,0.0,0,normal,vitb_cla_sft2,9
/home/opgw/KEPCO_May/ViT-B + CLAdapter SFT_new/dataset/Dataset_0622/normal/105511.451_s25_d99900_f-1782_wire_2.jpg,1.0,0.0,0,normal,vitb_cla_sft2,9
/home/opgw/KEPCO_May/ViT-B + CLAdapter SFT_new/dataset/Dataset_0622/normal/105511.451_s25_d99900_f-1782_wire_3.jpg,1.0,0.0,0,normal,vitb_cla_sft2,9
/home/opgw/KEPCO_May/ViT-B + CLAdapter SFT_new/dataset/Dataset_0622/normal/105512.714_s25_d2056_f-1782_wire_0.jpg,1.0,0.0,0,normal,vitb_cla_sft2,9
/home/opgw/KEPCO_May/ViT-B + CLAdapter SFT_new/dataset/Dataset_0622/normal/105513.406_s25_d2071_f-1698_wire_0.jpg,1.0,0.0,0,normal,vitb_cla_sft2,9
/home/opgw/KEPCO_May/ViT-B + CLAdapter SFT_new/dataset/Dataset_0622/normal/105513.406_s25_d2071_f-1698_wire_1.jpg,1.0,0.0,0,normal,vitb_cla_sft2,9
/home/opgw/KEPCO_May/ViT-B + CLAdapter SFT_new/dataset/Dataset_0622/normal/105628.171_s25_d99900_f-1676_wire_0.jpg,1.0,0.0,0,normal,vitb_cla_sft2,9
/home/opgw/KEPCO_May/ViT-B + CLAdapter SFT_new/dataset/Dataset_0622/normal/105628.171_s25_d99900_f-1676_wire_1.jpg,1.0,0.0,0,normal,vitb_cla_sft2,9
/home/opgw/KEPCO_May/ViT-B + CLAdapter SFT_new/dataset/Dataset_0622/normal/105637.346_s25_d1719_f-1848_wire_0.jpg,1.0,0.0,0,normal,vitb_cla_sft2,9
/home/opgw/KEPCO_May/ViT-B + CLAdapter SFT_new/dataset/Dataset_0622/normal/105637.346_s25_d1719_f-1848_wire_1.jpg,1.0,0.0,0,normal,vitb_cla_sft2,9
/home/opgw/KEPCO_May/ViT-B + CLAdapter SFT_new/dataset/Dataset_0622/normal/105637.346_s25_d1719_f-1848_wire_2.jpg,1.0,0.0,0,normal,vitb_cla_sft2,9
/home/opgw/KEPCO_May/ViT-B + CLAdapter SFT_new/dataset/Dataset_0622/normal/105637.346_s25_d1719_f-1848_wire_3.jpg,1.0,0.0,0,normal,vitb_cla_sft2,9
/home/opgw/KEPCO_May/ViT-B + CLAdapter SFT_new/dataset/Dataset_0622/normal/105637.346_s25_d1719_f-1848_wire_4.jpg,1.0,0.0,0,normal,vitb_cla_sft2,9
/home/opgw/KEPCO_May/ViT-B + CLAdapter SFT_new/dataset/Dataset_0622/normal/105637.346_s25_d1719_f-1848_wire_5.jpg,1.0,0.0,0,normal,vitb_cla_sft2,9
/home/opgw/KEPCO_May/ViT-B + CLAdapter SFT_new/dataset/Dataset_0622/normal/105638.799_s25_d3946_f-1597_wire_0.jpg,1.0,0.0,0,normal,vitb_cla_sft2,9
/home/opgw/KEPCO_May/ViT-B + CLAdapter SFT_new/dataset/Dataset_0622/normal/105638.799_s25_d3946_f-1597_wire_1.jpg,1.0,0.0,0,normal,vitb_cla_sft2,9
/home/opgw/KEPCO_May/ViT-B + CLAdapter SFT_new/dataset/Dataset_0622/normal/105638.799_s25_d3946_f-1597_wire_2.jpg,1.0,0.0,0,normal,vitb_cla_sft2,9
/home/opgw/KEPCO_May/ViT-B + CLAdapter SFT_new/dataset/Dataset_0622/normal/105717.844_s25_d99900_f-1414_wire_0.jpg,1.0,0.0,0,normal,vitb_cla_sft2,9
/home/opgw/KEPCO_May/ViT-B + CLAdapter SFT_new/dataset/Dataset_0622/normal/105717.844_s25_d99900_f-1414_wire_1.jpg,1.0,0.0,0,normal,vitb_cla_sft2,9
/home/opgw/KEPCO_May/ViT-B + CLAdapter SFT_new/dataset/Dataset_0622/normal/105717.844_s25_d99900_f-1414_wire_2.jpg,1.0,0.0,0,normal,vitb_cla_sft2,9
/home/opgw/KEPCO_May/ViT-B + CLAdapter SFT_new/dataset/Dataset_0622/normal/105735.781_s25_d99900_f-1462_wire_0.jpg,1.0,0.0,0,normal,vitb_cla_sft2,9
/home/opgw/KEPCO_May/ViT-B + CLAdapter SFT_new/dataset/Dataset_0622/normal/105735.781_s25_d99900_f-1462_wire_1.jpg,1.0,0.0,0,normal,vitb_cla_sft2,9
/home/opgw/KEPCO_May/ViT-B + CLAdapter SFT_new/dataset/Dataset_0622/normal/105930.094_s25_d3457_f-1627_wire_0.jpg,1.0,0.0,0,normal,vitb_cla_sft2,9
/home/opgw/KEPCO_May/ViT-B + CLAdapter SFT_new/dataset/Dataset_0622/normal/105930.094_s25_d3457_f-1627_wire_1.jpg,1.0,0.0,0,normal,vitb_cla_sft2,9
/home/opgw/KEPCO_May/ViT-B + CLAdapter SFT_new/dataset/Dataset_0622/normal/105930.186_s25_d99900_f-1598_wire_0.jpg,1.0,0.0,0,normal,vitb_cla_sft2,9
/home/opgw/KEPCO_May/ViT-B + CLAdapter SFT_new/dataset/Dataset_0622/normal/105930.186_s25_d99900_f-1598_wire_1.jpg,1.0,0.0,0,normal,vitb_cla_sft2,9
/home/opgw/KEPCO_May/ViT-B + CLAdapter SFT_new/dataset/Dataset_0622/normal/105930.186_s25_d99900_f-1598_wire_2.jpg,1.0,0.0,0,normal,vitb_cla_sft2,9
/home/opgw/KEPCO_May/ViT-B + CLAdapter SFT_new/dataset/Dataset_0622/normal/105930.186_s25_d99900_f-1598_wire_3.jpg,1.0,0.0,0,normal,vitb_cla_sft2,9
/home/opgw/KEPCO_May/ViT-B + CLAdapter SFT_new/dataset/Dataset_0622/normal/105930.186_s25_d99900_f-1598_wire_4.jpg,1.0,0.0,0,normal,vitb_cla_sft2,9
/home/opgw/KEPCO_May/ViT-B + CLAdapter SFT_new/dataset/Dataset_0622/normal/105930.186_s25_d99900_f-1598_wire_5.jpg,1.0,0.0,0,normal,vitb_cla_sft2,9
/home/opgw/KEPCO_May/ViT-B + CLAdapter SFT_new/dataset/Dataset_0622/normal/105930.186_s25_d99900_f-1598_wire_6.jpg,1.0,0.0,0,normal,vitb_cla_sft2,9
/home/opgw/KEPCO_May/ViT-B + CLAdapter SFT_new/dataset/Dataset_0622/normal/105930.186_s25_d99900_f-1598_wire_7.jpg,1.0,0.0,0,normal,vitb_cla_sft2,9
/home/opgw/KEPCO_May/ViT-B + CLAdapter SFT_new/dataset/Dataset_0622/normal/105930.916_s25_d2998_f-1627_wire_0.jpg,1.0,0.0,0,normal,vitb_cla_sft2,9
/home/opgw/KEPCO_May/ViT-B + CLAdapter SFT_new/dataset/Dataset_0622/normal/110025.997_s25_d99900_f-1762_wire_0.jpg,1.0,0.0,0,normal,vitb_cla_sft2,9
/home/opgw/KEPCO_May/ViT-B + CLAdapter SFT_new/dataset/Dataset_0622/normal/110025.997_s25_d99900_f-1762_wire_1.jpg,1.0,0.0,0,normal,vitb_cla_sft2,9
/home/opgw/KEPCO_May/ViT-B + CLAdapter SFT_new/dataset/Dataset_0622/normal/110025.997_s25_d99900_f-1762_wire_2.jpg,1.0,0.0,0,normal,vitb_cla_sft2,9
/home/opgw/KEPCO_May/ViT-B + CLAdapter SFT_new/dataset/Dataset_0622/normal/110025.997_s25_d99900_f-1762_wire_3.jpg,1.0,0.0,0,normal,vitb_cla_sft2,9
/home/opgw/KEPCO_May/ViT-B + CLAdapter SFT_new/dataset/Dataset_0622/normal/110227.712_s25_d2824_f-1850_wire_0.jpg,1.0,0.0,0,normal,vitb_cla_sft2,9
/home/opgw/KEPCO_May/ViT-B + CLAdapter SFT_new/dataset/Dataset_0622/normal/110227.712_s25_d2824_f-1850_wire_1.jpg,1.0,0.0,0,normal,vitb_cla_sft2,9
/home/opgw/KEPCO_May/ViT-B + CLAdapter SFT_new/dataset/Dataset_0622/normal/110227.712_s25_d2824_f-1850_wire_2.jpg,1.0,0.0,0,normal,vitb_cla_sft2,9
/home/opgw/KEPCO_May/ViT-B + CLAdapter SFT_new/dataset/Dataset_0622/normal/110227.712_s25_d2824_f-1850_wire_3.jpg,1.0,0.0,0,normal,vitb_cla_sft2,9
/home/opgw/KEPCO_May/ViT-B + CLAdapter SFT_new/dataset/Dataset_0622/normal/110348.928_s25_d3473_f-1761_wire_0.jpg,1.0,0.0,0,normal,vitb_cla_sft2,9
/home/opgw/KEPCO_May/ViT-B + CLAdapter SFT_new/dataset/Dataset_0622/normal/110348.928_s25_d3473_f-1761_wire_1.jpg,1.0,0.0,0,normal,vitb_cla_sft2,9
/home/opgw/KEPCO_May/ViT-B + CLAdapter SFT_new/dataset/Dataset_0622/normal/110348.928_s25_d3473_f-1761_wire_2.jpg,1.0,0.0,0,normal,vitb_cla_sft2,9
/home/opgw/KEPCO_May/ViT-B + CLAdapter SFT_new/dataset/Dataset_0622/normal/110510.430_s25_d4462_f-1998_wire_0.jpg,1.0,0.0,0,normal,vitb_cla_sft2,9
/home/opgw/KEPCO_May/ViT-B + CLAdapter SFT_new/dataset/Dataset_0622/normal/110510.430_s25_d4462_f-1998_wire_1.jpg,1.0,0.0,0,normal,vitb_cla_sft2,9
/home/opgw/KEPCO_May/ViT-B + CLAdapter SFT_new/dataset/Dataset_0622/normal/110510.430_s25_d4462_f-1998_wire_2.jpg,1.0,0.0,0,normal,vitb_cla_sft2,9
/home/opgw/KEPCO_May/ViT-B + CLAdapter SFT_new/dataset/Dataset_0622/normal/110552.509_s25_d3857_f-1657_wire_0.jpg,1.0,0.0,0,normal,vitb_cla_sft2,9
/home/opgw/KEPCO_May/ViT-B + CLAdapter SFT_new/dataset/Dataset_0622/normal/110552.509_s25_d3857_f-1657_wire_1.jpg,1.0,0.0,0,normal,vitb_cla_sft2,9
/home/opgw/KEPCO_May/ViT-B + CLAdapter SFT_new/dataset/Dataset_0622/normal/110552.509_s25_d3857_f-1657_wire_2.jpg,1.0,0.0,0,normal,vitb_cla_sft2,9
/home/opgw/KEPCO_May/ViT-B + CLAdapter SFT_new/dataset/Dataset_0622/normal/110552.509_s25_d3857_f-1657_wire_3.jpg,1.0,0.0,0,normal,vitb_cla_sft2,9
/home/opgw/KEPCO_May/ViT-B + CLAdapter SFT_new/dataset/Dataset_0622/normal/110552.509_s25_d3857_f-1657_wire_4.jpg,1.0,0.0,0,normal,vitb_cla_sft2,9
/home/opgw/KEPCO_May/ViT-B + CLAdapter SFT_new/dataset/Dataset_0622/normal/110552.509_s25_d3857_f-1657_wire_5.jpg,1.0,0.0,0,normal,vitb_cla_sft2,9
/home/opgw/KEPCO_May/ViT-B + CLAdapter SFT_new/dataset/Dataset_0622/normal/110552.509_s25_d3857_f-1657_wire_6.jpg,1.0,0.0,0,normal,vitb_cla_sft2,9
/home/opgw/KEPCO_May/ViT-B + CLAdapter SFT_new/dataset/Dataset_0622/normal/110552.509_s25_d3857_f-1657_wire_7.jpg,1.0,0.0,0,normal,vitb_cla_sft2,9
/home/opgw/KEPCO_May/ViT-B + CLAdapter SFT_new/dataset/Dataset_0622/normal/110553.300_s25_d3423_f-1657_wire_0.jpg,1.0,0.0,0,normal,vitb_cla_sft2,9
/home/opgw/KEPCO_May/ViT-B + CLAdapter SFT_new/dataset/Dataset_0622/normal/110553.300_s25_d3423_f-1657_wire_1.jpg,1.0,0.0,0,normal,vitb_cla_sft2,9
/home/opgw/KEPCO_May/ViT-B + CLAdapter SFT_new/dataset/Dataset_0622/normal/110553.300_s25_d3423_f-1657_wire_2.jpg,1.0,0.0,0,normal,vitb_cla_sft2,9
/home/opgw/KEPCO_May/ViT-B + CLAdapter SFT_new/dataset/Dataset_0622/normal/110553.300_s25_d3423_f-1657_wire_3.jpg,1.0,0.0,0,normal,vitb_cla_sft2,9
/home/opgw/KEPCO_May/ViT-B + CLAdapter SFT_new/dataset/Dataset_0622/normal/110553.300_s25_d3423_f-1657_wire_4.jpg,1.0,0.0,0,normal,vitb_cla_sft2,9
/home/opgw/KEPCO_May/ViT-B + CLAdapter SFT_new/dataset/Dataset_0622/normal/110553.300_s25_d3423_f-1657_wire_5.jpg,1.0,0.0,0,normal,vitb_cla_sft2,9
/home/opgw/KEPCO_May/ViT-B + CLAdapter SFT_new/dataset/Dataset_0622/normal/111917.873_s25_d99900_f-1583_wire_0.jpg,1.0,0.0,0,normal,vitb_cla_sft2,9
/home/opgw/KEPCO_May/ViT-B + CLAdapter SFT_new/dataset/Dataset_0622/normal/111917.873_s25_d99900_f-1583_wire_1.jpg,1.0,0.0,0,normal,vitb_cla_sft2,9
/home/opgw/KEPCO_May/ViT-B + CLAdapter SFT_new/dataset/Dataset_0622/normal/111917.873_s25_d99900_f-1583_wire_2.jpg,1.0,0.0,0,normal,vitb_cla_sft2,9
/home/opgw/KEPCO_May/ViT-B + CLAdapter SFT_new/dataset/Dataset_0622/normal/111917.873_s25_d99900_f-1583_wire_3.jpg,1.0,0.0,0,normal,vitb_cla_sft2,9
/home/opgw/KEPCO_May/ViT-B + CLAdapter SFT_new/dataset/Dataset_0622/normal/111920.436_s25_d4137_f-1583_wire_0.jpg,1.0,0.0,0,normal,vitb_cla_sft2,9
/home/opgw/KEPCO_May/ViT-B + CLAdapter SFT_new/dataset/Dataset_0622/normal/111920.436_s25_d4137_f-1583_wire_1.jpg,1.0,0.0,0,normal,vitb_cla_sft2,9
/home/opgw/KEPCO_May/ViT-B + CLAdapter SFT_new/dataset/Dataset_0622/normal/111920.436_s25_d4137_f-1583_wire_2.jpg,1.0,0.0,0,normal,vitb_cla_sft2,9
/home/opgw/KEPCO_May/ViT-B + CLAdapter SFT_new/dataset/Dataset_0622/normal/111920.436_s25_d4137_f-1583_wire_3.jpg,1.0,0.0,0,normal,vitb_cla_sft2,9
/home/opgw/KEPCO_May/ViT-B + CLAdapter SFT_new/dataset/Dataset_0622/normal/111936.097_s25_d3095_f-1623_wire_0.jpg,1.0,0.0,0,normal,vitb_cla_sft2,9
/home/opgw/KEPCO_May/ViT-B + CLAdapter SFT_new/dataset/Dataset_0622/normal/111936.097_s25_d3095_f-1623_wire_1.jpg,1.0,0.0,0,normal,vitb_cla_sft2,9
/home/opgw/KEPCO_May/ViT-B + CLAdapter SFT_new/dataset/Dataset_0622/normal/112025.201_s25_d3777_f-1568_wire_0.jpg,1.0,0.0,0,normal,vitb_cla_sft2,9
/home/opgw/KEPCO_May/ViT-B + CLAdapter SFT_new/dataset/Dataset_0622/normal/112025.201_s25_d3777_f-1568_wire_1.jpg,1.0,0.0,0,normal,vitb_cla_sft2,9
/home/opgw/KEPCO_May/ViT-B + CLAdapter SFT_new/dataset/Dataset_0622/normal/112025.201_s25_d3777_f-1568_wire_2.jpg,1.0,0.0,0,normal,vitb_cla_sft2,9
/home/opgw/KEPCO_May/ViT-B + CLAdapter SFT_new/dataset/Dataset_0622/normal/112025.201_s25_d3777_f-1568_wire_3.jpg,1.0,0.0,0,normal,vitb_cla_sft2,9
/home/opgw/KEPCO_May/ViT-B + CLAdapter SFT_new/dataset/Dataset_0622/normal/112025.201_s25_d3777_f-1568_wire_4.jpg,1.0,0.0,0,normal,vitb_cla_sft2,9
/home/opgw/KEPCO_May/ViT-B + CLAdapter SFT_new/dataset/Dataset_0622/normal/112033.536_s25_d3246_f-1738_wire_2.jpg,1.0,0.0,0,normal,vitb_cla_sft2,9
/home/opgw/KEPCO_May/ViT-B + CLAdapter SFT_new/dataset/Dataset_0622/normal/133530.614_s25_d2492_f-1971_wire_0.jpg,1.0,0.0,0,normal,vitb_cla_sft2,9
/home/opgw/KEPCO_May/ViT-B + CLAdapter SFT_new/dataset/Dataset_0622/normal/133959.555_s25_d2954_f-1829_wire_0.jpg,1.0,0.0,0,normal,vitb_cla_sft2,9
/home/opgw/KEPCO_May/ViT-B + CLAdapter SFT_new/dataset/Dataset_0622/normal/133959.555_s25_d2954_f-1829_wire_1.jpg,1.0,0.0,0,normal,vitb_cla_sft2,9
/home/opgw/KEPCO_May/ViT-B + CLAdapter SFT_new/dataset/Dataset_0622/normal/133959.555_s25_d2954_f-1829_wire_2.jpg,1.0,0.0,0,normal,vitb_cla_sft2,9
/home/opgw/KEPCO_May/ViT-B + CLAdapter SFT_new/dataset/Dataset_0622/normal/133959.555_s25_d2954_f-1829_wire_3.jpg,0.9999,0.0001,0,normal,vitb_cla_sft2,9
/home/opgw/KEPCO_May/ViT-B + CLAdapter SFT_new/dataset/Dataset_0622/normal/134012.717_s25_d2447_f-1877_wire_0.jpg,1.0,0.0,0,normal,vitb_cla_sft2,9
/home/opgw/KEPCO_May/ViT-B + CLAdapter SFT_new/dataset/Dataset_0622/normal/134012.717_s25_d2447_f-1877_wire_1.jpg,1.0,0.0,0,normal,vitb_cla_sft2,9
/home/opgw/KEPCO_May/ViT-B + CLAdapter SFT_new/dataset/Dataset_0622/normal/134012.717_s25_d2447_f-1877_wire_2.jpg,1.0,0.0,0,normal,vitb_cla_sft2,9
/home/opgw/KEPCO_May/ViT-B + CLAdapter SFT_new/dataset/Dataset_0622/normal/134012.717_s25_d2447_f-1877_wire_3.jpg,1.0,0.0,0,normal,vitb_cla_sft2,9
/home/opgw/KEPCO_May/ViT-B + CLAdapter SFT_new/dataset/Dataset_0622/normal/134056.937_s25_d2848_f-1992_wire_0.jpg,1.0,0.0,0,normal,vitb_cla_sft2,9
/home/opgw/KEPCO_May/ViT-B + CLAdapter SFT_new/dataset/Dataset_0622/normal/134056.937_s25_d2848_f-1992_wire_1.jpg,1.0,0.0,0,normal,vitb_cla_sft2,9
/home/opgw/KEPCO_May/ViT-B + CLAdapter SFT_new/dataset/Dataset_0622/normal/134202.785_s25_d99900_f-1631_wire_0.jpg,1.0,0.0,0,normal,vitb_cla_sft2,9
/home/opgw/KEPCO_May/ViT-B + CLAdapter SFT_new/dataset/Dataset_0622/normal/134202.785_s25_d99900_f-1631_wire_1.jpg,1.0,0.0,0,normal,vitb_cla_sft2,9
/home/opgw/KEPCO_May/ViT-B + CLAdapter SFT_new/dataset/Dataset_0622/normal/134202.785_s25_d99900_f-1631_wire_2.jpg,1.0,0.0,0,normal,vitb_cla_sft2,9
/home/opgw/KEPCO_May/ViT-B + CLAdapter SFT_new/dataset/Dataset_0622/normal/134202.785_s25_d99900_f-1631_wire_3.jpg,1.0,0.0,0,normal,vitb_cla_sft2,9
/home/opgw/KEPCO_May/ViT-B + CLAdapter SFT_new/dataset/Dataset_0622/normal/134202.785_s25_d99900_f-1631_wire_4.jpg,1.0,0.0,0,normal,vitb_cla_sft2,9
/home/opgw/KEPCO_May/ViT-B + CLAdapter SFT_new/dataset/Dataset_0622/normal/134408.236_s25_d3641_f-1676_wire_0.jpg,1.0,0.0,0,normal,vitb_cla_sft2,9
/home/opgw/KEPCO_May/ViT-B + CLAdapter SFT_new/dataset/Dataset_0622/normal/134408.236_s25_d3641_f-1676_wire_1.jpg,1.0,0.0,0,normal,vitb_cla_sft2,9
/home/opgw/KEPCO_May/ViT-B + CLAdapter SFT_new/dataset/Dataset_0622/normal/134408.236_s25_d3641_f-1676_wire_10.jpg,1.0,0.0,0,normal,vitb_cla_sft2,9
/home/opgw/KEPCO_May/ViT-B + CLAdapter SFT_new/dataset/Dataset_0622/normal/134408.236_s25_d3641_f-1676_wire_2.jpg,1.0,0.0,0,normal,vitb_cla_sft2,9
/home/opgw/KEPCO_May/ViT-B + CLAdapter SFT_new/dataset/Dataset_0622/normal/134408.236_s25_d3641_f-1676_wire_3.jpg,1.0,0.0,0,normal,vitb_cla_sft2,9
/home/opgw/KEPCO_May/ViT-B + CLAdapter SFT_new/dataset/Dataset_0622/normal/134408.236_s25_d3641_f-1676_wire_4.jpg,1.0,0.0,0,normal,vitb_cla_sft2,9
/home/opgw/KEPCO_May/ViT-B + CLAdapter SFT_new/dataset/Dataset_0622/normal/134408.236_s25_d3641_f-1676_wire_5.jpg,1.0,0.0,0,normal,vitb_cla_sft2,9
/home/opgw/KEPCO_May/ViT-B + CLAdapter SFT_new/dataset/Dataset_0622/normal/134408.236_s25_d3641_f-1676_wire_6.jpg,1.0,0.0,0,normal,vitb_cla_sft2,9
/home/opgw/KEPCO_May/ViT-B + CLAdapter SFT_new/dataset/Dataset_0622/normal/134408.236_s25_d3641_f-1676_wire_7.jpg,1.0,0.0,0,normal,vitb_cla_sft2,9
/home/opgw/KEPCO_May/ViT-B + CLAdapter SFT_new/dataset/Dataset_0622/normal/134408.236_s25_d3641_f-1676_wire_8.jpg,1.0,0.0,0,normal,vitb_cla_sft2,9
/home/opgw/KEPCO_May/ViT-B + CLAdapter SFT_new/dataset/Dataset_0622/normal/134408.236_s25_d3641_f-1676_wire_9.jpg,1.0,0.0,0,normal,vitb_cla_sft2,9
/home/opgw/KEPCO_May/ViT-B + CLAdapter SFT_new/dataset/Dataset_0622/normal/134457.972_s25_d3170_f-1657_wire_0.jpg,1.0,0.0,0,normal,vitb_cla_sft2,9
/home/opgw/KEPCO_May/ViT-B + CLAdapter SFT_new/dataset/Dataset_0622/normal/134457.972_s25_d3170_f-1657_wire_1.jpg,1.0,0.0,0,normal,vitb_cla_sft2,9
/home/opgw/KEPCO_May/ViT-B + CLAdapter SFT_new/dataset/Dataset_0622/normal/134457.972_s25_d3170_f-1657_wire_2.jpg,0.9999,0.0001,0,normal,vitb_cla_sft2,9
/home/opgw/KEPCO_May/ViT-B + CLAdapter SFT_new/dataset/Dataset_0622/normal/134457.972_s25_d3170_f-1657_wire_3.jpg,1.0,0.0,0,normal,vitb_cla_sft2,9
/home/opgw/KEPCO_May/ViT-B + CLAdapter SFT_new/dataset/Dataset_0622/normal/134457.972_s25_d3170_f-1657_wire_4.jpg,1.0,0.0,0,normal,vitb_cla_sft2,9
/home/opgw/KEPCO_May/ViT-B + CLAdapter SFT_new/dataset/Dataset_0622/normal/134457.972_s25_d3170_f-1657_wire_5.jpg,1.0,0.0,0,normal,vitb_cla_sft2,9
/home/opgw/KEPCO_May/ViT-B + CLAdapter SFT_new/dataset/Dataset_0622/normal/134457.972_s25_d3170_f-1657_wire_6.jpg,1.0,0.0,0,normal,vitb_cla_sft2,9
/home/opgw/KEPCO_May/ViT-B + CLAdapter SFT_new/dataset/Dataset_0622/normal/134457.972_s25_d3170_f-1657_wire_7.jpg,1.0,0.0,0,normal,vitb_cla_sft2,9
/home/opgw/KEPCO_May/ViT-B + CLAdapter SFT_new/dataset/Dataset_0622/normal/134610.299_s25_d2840_f-1827_wire_0.jpg,1.0,0.0,0,normal,vitb_cla_sft2,9
/home/opgw/KEPCO_May/ViT-B + CLAdapter SFT_new/dataset/Dataset_0622/normal/134700.541_s25_d99900_f-1677_wire_0.jpg,1.0,0.0,0,normal,vitb_cla_sft2,9
/home/opgw/KEPCO_May/ViT-B + CLAdapter SFT_new/dataset/Dataset_0622/normal/134700.541_s25_d99900_f-1677_wire_1.jpg,1.0,0.0,0,normal,vitb_cla_sft2,9
/home/opgw/KEPCO_May/ViT-B + CLAdapter SFT_new/dataset/Dataset_0622/normal/134700.541_s25_d99900_f-1677_wire_2.jpg,1.0,0.0,0,normal,vitb_cla_sft2,9
/home/opgw/KEPCO_May/ViT-B + CLAdapter SFT_new/dataset/Dataset_0622/normal/134700.541_s25_d99900_f-1677_wire_4.jpg,1.0,0.0,0,normal,vitb_cla_sft2,9
/home/opgw/KEPCO_May/ViT-B + CLAdapter SFT_new/dataset/Dataset_0622/normal/134700.541_s25_d99900_f-1677_wire_5.jpg,1.0,0.0,0,normal,vitb_cla_sft2,9
/home/opgw/KEPCO_May/ViT-B + CLAdapter SFT_new/dataset/Dataset_0622/normal/134856.023_s25_d2967_f-1826_wire_0.jpg,1.0,0.0,0,normal,vitb_cla_sft2,9
/home/opgw/KEPCO_May/ViT-B + CLAdapter SFT_new/dataset/Dataset_0622/normal/134856.023_s25_d2967_f-1826_wire_1.jpg,1.0,0.0,0,normal,vitb_cla_sft2,9
/home/opgw/KEPCO_May/ViT-B + CLAdapter SFT_new/dataset/Dataset_0622/normal/134856.023_s25_d2967_f-1826_wire_2.jpg,1.0,0.0,0,normal,vitb_cla_sft2,9
/home/opgw/KEPCO_May/ViT-B + CLAdapter SFT_new/dataset/Dataset_0622/normal/134856.023_s25_d2967_f-1826_wire_3.jpg,1.0,0.0,0,normal,vitb_cla_sft2,9
/home/opgw/KEPCO_May/ViT-B + CLAdapter SFT_new/dataset/Dataset_0622/normal/134856.023_s25_d2967_f-1826_wire_4.jpg,1.0,0.0,0,normal,vitb_cla_sft2,9
/home/opgw/KEPCO_May/ViT-B + CLAdapter SFT_new/dataset/Dataset_0622/normal/134950.315_s25_d1933_f-1740_wire_0.jpg,1.0,0.0,0,normal,vitb_cla_sft2,9
/home/opgw/KEPCO_May/ViT-B + CLAdapter SFT_new/dataset/Dataset_0622/normal/134950.315_s25_d1933_f-1740_wire_1.jpg,1.0,0.0,0,normal,vitb_cla_sft2,9
/home/opgw/KEPCO_May/ViT-B + CLAdapter SFT_new/dataset/Dataset_0622/normal/134950.315_s25_d1933_f-1740_wire_10.jpg,1.0,0.0,0,normal,vitb_cla_sft2,9
/home/opgw/KEPCO_May/ViT-B + CLAdapter SFT_new/dataset/Dataset_0622/normal/134950.315_s25_d1933_f-1740_wire_2.jpg,1.0,0.0,0,normal,vitb_cla_sft2,9
/home/opgw/KEPCO_May/ViT-B + CLAdapter SFT_new/dataset/Dataset_0622/normal/134950.315_s25_d1933_f-1740_wire_3.jpg,1.0,0.0,0,normal,vitb_cla_sft2,9
/home/opgw/KEPCO_May/ViT-B + CLAdapter SFT_new/dataset/Dataset_0622/normal/134950.315_s25_d1933_f-1740_wire_4.jpg,1.0,0.0,0,normal,vitb_cla_sft2,9
/home/opgw/KEPCO_May/ViT-B + CLAdapter SFT_new/dataset/Dataset_0622/normal/134950.315_s25_d1933_f-1740_wire_5.jpg,1.0,0.0,0,normal,vitb_cla_sft2,9
/home/opgw/KEPCO_May/ViT-B + CLAdapter SFT_new/dataset/Dataset_0622/normal/134950.315_s25_d1933_f-1740_wire_7.jpg,1.0,0.0,0,normal,vitb_cla_sft2,9
/home/opgw/KEPCO_May/ViT-B + CLAdapter SFT_new/dataset/Dataset_0622/normal/134950.315_s25_d1933_f-1740_wire_8.jpg,1.0,0.0,0,normal,vitb_cla_sft2,9
/home/opgw/KEPCO_May/ViT-B + CLAdapter SFT_new/dataset/Dataset_0622/normal/134950.315_s25_d1933_f-1740_wire_9.jpg,1.0,0.0,0,normal,vitb_cla_sft2,9
/home/opgw/KEPCO_May/ViT-B + CLAdapter SFT_new/dataset/Dataset_0622/normal/135000.946_s25_d99900_f-1445_wire_0.jpg,1.0,0.0,0,normal,vitb_cla_sft2,9
/home/opgw/KEPCO_May/ViT-B + CLAdapter SFT_new/dataset/Dataset_0622/normal/135000.946_s25_d99900_f-1445_wire_1.jpg,1.0,0.0,0,normal,vitb_cla_sft2,9
/home/opgw/KEPCO_May/ViT-B + CLAdapter SFT_new/dataset/Dataset_0622/normal/135000.946_s25_d99900_f-1445_wire_2.jpg,1.0,0.0,0,normal,vitb_cla_sft2,9
/home/opgw/KEPCO_May/ViT-B + CLAdapter SFT_new/dataset/Dataset_0622/normal/135000.946_s25_d99900_f-1445_wire_3.jpg,1.0,0.0,0,normal,vitb_cla_sft2,9
/home/opgw/KEPCO_May/ViT-B + CLAdapter SFT_new/dataset/Dataset_0622/normal/135000.946_s25_d99900_f-1445_wire_4.jpg,1.0,0.0,0,normal,vitb_cla_sft2,9
/home/opgw/KEPCO_May/ViT-B + CLAdapter SFT_new/dataset/Dataset_0622/normal/135000.946_s25_d99900_f-1445_wire_6.jpg,1.0,0.0,0,normal,vitb_cla_sft2,9
/home/opgw/KEPCO_May/ViT-B + CLAdapter SFT_new/dataset/Dataset_0622/normal/135000.946_s25_d99900_f-1445_wire_7.jpg,1.0,0.0,0,normal,vitb_cla_sft2,9
/home/opgw/KEPCO_May/ViT-B + CLAdapter SFT_new/dataset/Dataset_0622/normal/135019.804_s25_d99900_f-1438_wire_0.jpg,1.0,0.0,0,normal,vitb_cla_sft2,9
/home/opgw/KEPCO_May/ViT-B + CLAdapter SFT_new/dataset/Dataset_0622/normal/135019.804_s25_d99900_f-1438_wire_1.jpg,1.0,0.0,0,normal,vitb_cla_sft2,9
/home/opgw/KEPCO_May/ViT-B + CLAdapter SFT_new/dataset/Dataset_0622/normal/135019.804_s25_d99900_f-1438_wire_5.jpg,1.0,0.0,0,normal,vitb_cla_sft2,9
/home/opgw/KEPCO_May/ViT-B + CLAdapter SFT_new/dataset/Dataset_0622/normal/135019.804_s25_d99900_f-1438_wire_7.jpg,1.0,0.0,0,normal,vitb_cla_sft2,9
/home/opgw/KEPCO_May/ViT-B + CLAdapter SFT_new/dataset/Dataset_0622/normal/135019.804_s25_d99900_f-1438_wire_8.jpg,1.0,0.0,0,normal,vitb_cla_sft2,9
/home/opgw/KEPCO_May/ViT-B + CLAdapter SFT_new/dataset/Dataset_0622/normal/135019.804_s25_d99900_f-1438_wire_9.jpg,1.0,0.0,0,normal,vitb_cla_sft2,9
/home/opgw/KEPCO_May/ViT-B + CLAdapter SFT_new/dataset/Dataset_0622/normal/135141.095_s25_d3386_f-1699_wire_1.jpg,1.0,0.0,0,normal,vitb_cla_sft2,9
/home/opgw/KEPCO_May/ViT-B + CLAdapter SFT_new/dataset/Dataset_0622/normal/135141.095_s25_d3386_f-1699_wire_3.jpg,1.0,0.0,0,normal,vitb_cla_sft2,9
/home/opgw/KEPCO_May/ViT-B + CLAdapter SFT_new/dataset/Dataset_0622/normal/135141.095_s25_d3386_f-1699_wire_4.jpg,1.0,0.0,0,normal,vitb_cla_sft2,9
/home/opgw/KEPCO_May/ViT-B + CLAdapter SFT_new/dataset/Dataset_0622/normal/135141.095_s25_d3386_f-1699_wire_5.jpg,1.0,0.0,0,normal,vitb_cla_sft2,9
/home/opgw/KEPCO_May/ViT-B + CLAdapter SFT_new/dataset/Dataset_0622/normal/135143.244_s25_d4107_f-1699_wire_1.jpg,1.0,0.0,0,normal,vitb_cla_sft2,9
/home/opgw/KEPCO_May/ViT-B + CLAdapter SFT_new/dataset/Dataset_0622/normal/135143.244_s25_d4107_f-1699_wire_2.jpg,1.0,0.0,0,normal,vitb_cla_sft2,9
/home/opgw/KEPCO_May/ViT-B + CLAdapter SFT_new/dataset/Dataset_0622/normal/135143.244_s25_d4107_f-1699_wire_3.jpg,1.0,0.0,0,normal,vitb_cla_sft2,9
/home/opgw/KEPCO_May/ViT-B + CLAdapter SFT_new/dataset/Dataset_0622/normal/135143.244_s25_d4107_f-1699_wire_4.jpg,1.0,0.0,0,normal,vitb_cla_sft2,9
/home/opgw/KEPCO_May/ViT-B + CLAdapter SFT_new/dataset/Dataset_0622/normal/135143.244_s25_d4107_f-1699_wire_6.jpg,1.0,0.0,0,normal,vitb_cla_sft2,9
/home/opgw/KEPCO_May/ViT-B + CLAdapter SFT_new/dataset/Dataset_0622/normal/135143.244_s25_d4107_f-1699_wire_7.jpg,1.0,0.0,0,normal,vitb_cla_sft2,9
/home/opgw/KEPCO_May/ViT-B + CLAdapter SFT_new/dataset/Dataset_0622/normal/135143.244_s25_d4107_f-1699_wire_8.jpg,1.0,0.0,0,normal,vitb_cla_sft2,9
/home/opgw/KEPCO_May/ViT-B + CLAdapter SFT_new/dataset/Dataset_0622/normal/135143.244_s25_d4107_f-1699_wire_9.jpg,1.0,0.0,0,normal,vitb_cla_sft2,9
/home/opgw/KEPCO_May/ViT-B + CLAdapter SFT_new/dataset/Dataset_0622/normal/135157.866_s25_d3984_f-1598_wire_1.jpg,1.0,0.0,0,normal,vitb_cla_sft2,9
/home/opgw/KEPCO_May/ViT-B + CLAdapter SFT_new/dataset/Dataset_0622/normal/135157.866_s25_d3984_f-1598_wire_2.jpg,1.0,0.0,0,normal,vitb_cla_sft2,9
/home/opgw/KEPCO_May/ViT-B + CLAdapter SFT_new/dataset/Dataset_0622/normal/135157.866_s25_d3984_f-1598_wire_3.jpg,1.0,0.0,0,normal,vitb_cla_sft2,9
/home/opgw/KEPCO_May/ViT-B + CLAdapter SFT_new/dataset/Dataset_0622/normal/135157.866_s25_d3984_f-1598_wire_4.jpg,1.0,0.0,0,normal,vitb_cla_sft2,9
/home/opgw/KEPCO_May/ViT-B + CLAdapter SFT_new/dataset/Dataset_0622/normal/135157.866_s25_d3984_f-1598_wire_5.jpg,1.0,0.0,0,normal,vitb_cla_sft2,9
/home/opgw/KEPCO_May/ViT-B + CLAdapter SFT_new/dataset/Dataset_0622/normal/135157.866_s25_d3984_f-1598_wire_6.jpg,1.0,0.0,0,normal,vitb_cla_sft2,9
/home/opgw/KEPCO_May/ViT-B + CLAdapter SFT_new/dataset/Dataset_0622/normal/135216.749_s25_d99900_f-1614_wire_0.jpg,1.0,0.0,0,normal,vitb_cla_sft2,9
/home/opgw/KEPCO_May/ViT-B + CLAdapter SFT_new/dataset/Dataset_0622/normal/135216.749_s25_d99900_f-1614_wire_1.jpg,1.0,0.0,0,normal,vitb_cla_sft2,9
/home/opgw/KEPCO_May/ViT-B + CLAdapter SFT_new/dataset/Dataset_0622/normal/135216.749_s25_d99900_f-1614_wire_2.jpg,1.0,0.0,0,normal,vitb_cla_sft2,9
/home/opgw/KEPCO_May/ViT-B + CLAdapter SFT_new/dataset/Dataset_0622/normal/135216.749_s25_d99900_f-1614_wire_5.jpg,1.0,0.0,0,normal,vitb_cla_sft2,9
/home/opgw/KEPCO_May/ViT-B + CLAdapter SFT_new/dataset/Dataset_0622/normal/135216.749_s25_d99900_f-1614_wire_6.jpg,1.0,0.0,0,normal,vitb_cla_sft2,9
/home/opgw/KEPCO_May/ViT-B + CLAdapter SFT_new/dataset/Dataset_0622/normal/135216.749_s25_d99900_f-1614_wire_7.jpg,1.0,0.0,0,normal,vitb_cla_sft2,9
/home/opgw/KEPCO_May/ViT-B + CLAdapter SFT_new/dataset/Dataset_0622/normal/135242.940_s25_d99900_f-1783_wire_0.jpg,1.0,0.0,0,normal,vitb_cla_sft2,9
/home/opgw/KEPCO_May/ViT-B + CLAdapter SFT_new/dataset/Dataset_0622/normal/135242.940_s25_d99900_f-1783_wire_1.jpg,1.0,0.0,0,normal,vitb_cla_sft2,9
/home/opgw/KEPCO_May/ViT-B + CLAdapter SFT_new/dataset/Dataset_0622/normal/135342.484_s25_d5148_f-1571_wire_0.jpg,1.0,0.0,0,normal,vitb_cla_sft2,9
/home/opgw/KEPCO_May/ViT-B + CLAdapter SFT_new/dataset/Dataset_0622/normal/135342.484_s25_d5148_f-1571_wire_1.jpg,1.0,0.0,0,normal,vitb_cla_sft2,9
/home/opgw/KEPCO_May/ViT-B + CLAdapter SFT_new/dataset/Dataset_0622/normal/135342.484_s25_d5148_f-1571_wire_2.jpg,1.0,0.0,0,normal,vitb_cla_sft2,9
/home/opgw/KEPCO_May/ViT-B + CLAdapter SFT_new/dataset/Dataset_0622/normal/135342.484_s25_d5148_f-1571_wire_3.jpg,1.0,0.0,0,normal,vitb_cla_sft2,9
/home/opgw/KEPCO_May/ViT-B + CLAdapter SFT_new/dataset/Dataset_0622/normal/135342.484_s25_d5148_f-1571_wire_4.jpg,1.0,0.0,0,normal,vitb_cla_sft2,9
/home/opgw/KEPCO_May/ViT-B + CLAdapter SFT_new/dataset/Dataset_0622/normal/135342.484_s25_d5148_f-1571_wire_5.jpg,1.0,0.0,0,normal,vitb_cla_sft2,9
/home/opgw/KEPCO_May/ViT-B + CLAdapter SFT_new/dataset/Dataset_0622/normal/135342.484_s25_d5148_f-1571_wire_6.jpg,1.0,0.0,0,normal,vitb_cla_sft2,9
/home/opgw/KEPCO_May/ViT-B + CLAdapter SFT_new/dataset/Dataset_0622/normal/135344.288_s25_d99900_f-1503_wire_0.jpg,1.0,0.0,0,normal,vitb_cla_sft2,9
/home/opgw/KEPCO_May/ViT-B + CLAdapter SFT_new/dataset/Dataset_0622/normal/135344.288_s25_d99900_f-1503_wire_1.jpg,1.0,0.0,0,normal,vitb_cla_sft2,9
/home/opgw/KEPCO_May/ViT-B + CLAdapter SFT_new/dataset/Dataset_0622/normal/135344.288_s25_d99900_f-1503_wire_2.jpg,1.0,0.0,0,normal,vitb_cla_sft2,9
/home/opgw/KEPCO_May/ViT-B + CLAdapter SFT_new/dataset/Dataset_0622/normal/135344.288_s25_d99900_f-1503_wire_3.jpg,1.0,0.0,0,normal,vitb_cla_sft2,9
/home/opgw/KEPCO_May/ViT-B + CLAdapter SFT_new/dataset/Dataset_0622/normal/135344.288_s25_d99900_f-1503_wire_4.jpg,1.0,0.0,0,normal,vitb_cla_sft2,9
/home/opgw/KEPCO_May/ViT-B + CLAdapter SFT_new/dataset/Dataset_0622/normal/135344.288_s25_d99900_f-1503_wire_5.jpg,1.0,0.0,0,normal,vitb_cla_sft2,9
/home/opgw/KEPCO_May/ViT-B + CLAdapter SFT_new/dataset/Dataset_0622/normal/135344.288_s25_d99900_f-1503_wire_6.jpg,1.0,0.0,0,normal,vitb_cla_sft2,9
/home/opgw/KEPCO_May/ViT-B + CLAdapter SFT_new/dataset/Dataset_0622/normal/135515.473_s25_d4009_f-1630_wire_0.jpg,1.0,0.0,0,normal,vitb_cla_sft2,9
/home/opgw/KEPCO_May/ViT-B + CLAdapter SFT_new/dataset/Dataset_0622/normal/135515.473_s25_d4009_f-1630_wire_1.jpg,1.0,0.0,0,normal,vitb_cla_sft2,9
/home/opgw/KEPCO_May/ViT-B + CLAdapter SFT_new/dataset/Dataset_0622/normal/135515.473_s25_d4009_f-1630_wire_2.jpg,1.0,0.0,0,normal,vitb_cla_sft2,9
/home/opgw/KEPCO_May/ViT-B + CLAdapter SFT_new/dataset/Dataset_0622/normal/135515.473_s25_d4009_f-1630_wire_3.jpg,1.0,0.0,0,normal,vitb_cla_sft2,9
/home/opgw/KEPCO_May/ViT-B + CLAdapter SFT_new/dataset/Dataset_0622/normal/135515.473_s25_d4009_f-1630_wire_4.jpg,1.0,0.0,0,normal,vitb_cla_sft2,9
/home/opgw/KEPCO_May/ViT-B + CLAdapter SFT_new/dataset/Dataset_0622/normal/135515.473_s25_d4009_f-1630_wire_5.jpg,1.0,0.0,0,normal,vitb_cla_sft2,9
/home/opgw/KEPCO_May/ViT-B + CLAdapter SFT_new/dataset/Dataset_0622/normal/135515.473_s25_d4009_f-1630_wire_6.jpg,1.0,0.0,0,normal,vitb_cla_sft2,9
/home/opgw/KEPCO_May/ViT-B + CLAdapter SFT_new/dataset/Dataset_0622/normal/135515.473_s25_d4009_f-1630_wire_7.jpg,1.0,0.0,0,normal,vitb_cla_sft2,9
/home/opgw/KEPCO_May/ViT-B + CLAdapter SFT_new/dataset/Dataset_0622/normal/135515.473_s25_d4009_f-1630_wire_8.jpg,1.0,0.0,0,normal,vitb_cla_sft2,9
/home/opgw/KEPCO_May/ViT-B + CLAdapter SFT_new/dataset/Dataset_0622/normal/135607.523_s25_d4217_f-1718_wire_0.jpg,1.0,0.0,0,normal,vitb_cla_sft2,9
/home/opgw/KEPCO_May/ViT-B + CLAdapter SFT_new/dataset/Dataset_0622/normal/135607.523_s25_d4217_f-1718_wire_1.jpg,1.0,0.0,0,normal,vitb_cla_sft2,9
/home/opgw/KEPCO_May/ViT-B + CLAdapter SFT_new/dataset/Dataset_0622/normal/135609.933_s25_d3403_f-1718_wire_0.jpg,1.0,0.0,0,normal,vitb_cla_sft2,9
/home/opgw/KEPCO_May/ViT-B + CLAdapter SFT_new/dataset/Dataset_0622/normal/135609.933_s25_d3403_f-1718_wire_1.jpg,1.0,0.0,0,normal,vitb_cla_sft2,9
/home/opgw/KEPCO_May/ViT-B + CLAdapter SFT_new/dataset/Dataset_0622/normal/135609.933_s25_d3403_f-1718_wire_2.jpg,1.0,0.0,0,normal,vitb_cla_sft2,9
/home/opgw/KEPCO_May/ViT-B + CLAdapter SFT_new/dataset/Dataset_0622/normal/135610.592_s25_d3382_f-1677_wire_0.jpg,1.0,0.0,0,normal,vitb_cla_sft2,9
/home/opgw/KEPCO_May/ViT-B + CLAdapter SFT_new/dataset/Dataset_0622/normal/135610.592_s25_d3382_f-1677_wire_1.jpg,1.0,0.0,0,normal,vitb_cla_sft2,9
/home/opgw/KEPCO_May/ViT-B + CLAdapter SFT_new/dataset/Dataset_0622/normal/135610.592_s25_d3382_f-1677_wire_2.jpg,1.0,0.0,0,normal,vitb_cla_sft2,9
/home/opgw/KEPCO_May/ViT-B + CLAdapter SFT_new/dataset/Dataset_0622/normal/135636.599_s30_d99900_f-1718_wire_0.jpg,1.0,0.0,0,normal,vitb_cla_sft2,9
/home/opgw/KEPCO_May/ViT-B + CLAdapter SFT_new/dataset/Dataset_0622/normal/135636.599_s30_d99900_f-1718_wire_1.jpg,1.0,0.0,0,normal,vitb_cla_sft2,9
/home/opgw/KEPCO_May/ViT-B + CLAdapter SFT_new/dataset/Dataset_0622/normal/135636.599_s30_d99900_f-1718_wire_2.jpg,1.0,0.0,0,normal,vitb_cla_sft2,9
/home/opgw/KEPCO_May/ViT-B + CLAdapter SFT_new/dataset/Dataset_0622/normal/135636.599_s30_d99900_f-1718_wire_3.jpg,1.0,0.0,0,normal,vitb_cla_sft2,9
/home/opgw/KEPCO_May/ViT-B + CLAdapter SFT_new/dataset/Dataset_0622/normal/135636.599_s30_d99900_f-1718_wire_4.jpg,1.0,0.0,0,normal,vitb_cla_sft2,9
/home/opgw/KEPCO_May/ViT-B + CLAdapter SFT_new/dataset/Dataset_0622/normal/135636.599_s30_d99900_f-1718_wire_5.jpg,1.0,0.0,0,normal,vitb_cla_sft2,9
/home/opgw/KEPCO_May/ViT-B + CLAdapter SFT_new/dataset/Dataset_0622/normal/135639.197_s30_d99900_f-1658_wire_0.jpg,1.0,0.0,0,normal,vitb_cla_sft2,9
/home/opgw/KEPCO_May/ViT-B + CLAdapter SFT_new/dataset/Dataset_0622/normal/135639.197_s30_d99900_f-1658_wire_1.jpg,1.0,0.0,0,normal,vitb_cla_sft2,9
/home/opgw/KEPCO_May/ViT-B + CLAdapter SFT_new/dataset/Dataset_0622/normal/135639.197_s30_d99900_f-1658_wire_2.jpg,1.0,0.0,0,normal,vitb_cla_sft2,9
/home/opgw/KEPCO_May/ViT-B + CLAdapter SFT_new/dataset/Dataset_0622/normal/135639.197_s30_d99900_f-1658_wire_3.jpg,1.0,0.0,0,normal,vitb_cla_sft2,9
/home/opgw/KEPCO_May/ViT-B + CLAdapter SFT_new/dataset/Dataset_0622/normal/135639.197_s30_d99900_f-1658_wire_4.jpg,1.0,0.0,0,normal,vitb_cla_sft2,9
/home/opgw/KEPCO_May/ViT-B + CLAdapter SFT_new/dataset/Dataset_0622/normal/135639.197_s30_d99900_f-1658_wire_5.jpg,1.0,0.0,0,normal,vitb_cla_sft2,9
/home/opgw/KEPCO_May/ViT-B + CLAdapter SFT_new/dataset/Dataset_0622/normal/135717.031_s25_d3246_f-1730_wire_0.jpg,1.0,0.0,0,normal,vitb_cla_sft2,9
/home/opgw/KEPCO_May/ViT-B + CLAdapter SFT_new/dataset/Dataset_0622/normal/135717.031_s25_d3246_f-1730_wire_2.jpg,1.0,0.0,0,normal,vitb_cla_sft2,9
/home/opgw/KEPCO_May/ViT-B + CLAdapter SFT_new/dataset/Dataset_0622/normal/135717.031_s25_d3246_f-1730_wire_3.jpg,1.0,0.0,0,normal,vitb_cla_sft2,9
/home/opgw/KEPCO_May/ViT-B + CLAdapter SFT_new/dataset/Dataset_0622/normal/135717.031_s25_d3246_f-1730_wire_4.jpg,1.0,0.0,0,normal,vitb_cla_sft2,9
/home/opgw/KEPCO_May/ViT-B + CLAdapter SFT_new/dataset/Dataset_0622/normal/135717.031_s25_d3246_f-1730_wire_5.jpg,1.0,0.0,0,normal,vitb_cla_sft2,9
/home/opgw/KEPCO_May/ViT-B + CLAdapter SFT_new/dataset/Dataset_0622/normal/135726.650_s25_d3162_f-1738_wire_0.jpg,1.0,0.0,0,normal,vitb_cla_sft2,9
/home/opgw/KEPCO_May/ViT-B + CLAdapter SFT_new/dataset/Dataset_0622/normal/135726.650_s25_d3162_f-1738_wire_1.jpg,1.0,0.0,0,normal,vitb_cla_sft2,9
/home/opgw/KEPCO_May/ViT-B + CLAdapter SFT_new/dataset/Dataset_0622/normal/135726.650_s25_d3162_f-1738_wire_2.jpg,1.0,0.0,0,normal,vitb_cla_sft2,9
/home/opgw/KEPCO_May/ViT-B + CLAdapter SFT_new/dataset/Dataset_0622/normal/135726.650_s25_d3162_f-1738_wire_3.jpg,1.0,0.0,0,normal,vitb_cla_sft2,9
/home/opgw/KEPCO_May/ViT-B + CLAdapter SFT_new/dataset/Dataset_0622/normal/135726.650_s25_d3162_f-1738_wire_4.jpg,1.0,0.0,0,normal,vitb_cla_sft2,9
/home/opgw/KEPCO_May/ViT-B + CLAdapter SFT_new/dataset/Dataset_0622/normal/135726.650_s25_d3162_f-1738_wire_5.jpg,1.0,0.0,0,normal,vitb_cla_sft2,9
/home/opgw/KEPCO_May/ViT-B + CLAdapter SFT_new/dataset/Dataset_0622/normal/135730.920_s25_d99900_f-1738_wire_0.jpg,1.0,0.0,0,normal,vitb_cla_sft2,9
/home/opgw/KEPCO_May/ViT-B + CLAdapter SFT_new/dataset/Dataset_0622/normal/135730.920_s25_d99900_f-1738_wire_1.jpg,1.0,0.0,0,normal,vitb_cla_sft2,9
/home/opgw/KEPCO_May/ViT-B + CLAdapter SFT_new/dataset/Dataset_0622/normal/135730.920_s25_d99900_f-1738_wire_2.jpg,1.0,0.0,0,normal,vitb_cla_sft2,9
/home/opgw/KEPCO_May/ViT-B + CLAdapter SFT_new/dataset/Dataset_0622/normal/135730.920_s25_d99900_f-1738_wire_3.jpg,1.0,0.0,0,normal,vitb_cla_sft2,9
/home/opgw/KEPCO_May/ViT-B + CLAdapter SFT_new/dataset/Dataset_0622/normal/135730.920_s25_d99900_f-1738_wire_4.jpg,1.0,0.0,0,normal,vitb_cla_sft2,9
/home/opgw/KEPCO_May/ViT-B + CLAdapter SFT_new/dataset/Dataset_0622/normal/135730.920_s25_d99900_f-1738_wire_5.jpg,1.0,0.0,0,normal,vitb_cla_sft2,9
/home/opgw/KEPCO_May/ViT-B + CLAdapter SFT_new/dataset/Dataset_0622/normal/135731.711_s25_d99900_f-1677_wire_1.jpg,1.0,0.0,0,normal,vitb_cla_sft2,9
/home/opgw/KEPCO_May/ViT-B + CLAdapter SFT_new/dataset/Dataset_0622/normal/135734.527_s25_d99900_f-1677_wire_5.jpg,1.0,0.0,0,normal,vitb_cla_sft2,9
/home/opgw/KEPCO_May/ViT-B + CLAdapter SFT_new/dataset/Dataset_0622/normal/135734.875_s25_d99900_f-1677_wire_1.jpg,1.0,0.0,0,normal,vitb_cla_sft2,9
/home/opgw/KEPCO_May/ViT-B + CLAdapter SFT_new/dataset/Dataset_0622/normal/135734.875_s25_d99900_f-1677_wire_2.jpg,1.0,0.0,0,normal,vitb_cla_sft2,9
/home/opgw/KEPCO_May/ViT-B + CLAdapter SFT_new/dataset/Dataset_0622/normal/135734.875_s25_d99900_f-1677_wire_3.jpg,1.0,0.0,0,normal,vitb_cla_sft2,9
/home/opgw/KEPCO_May/ViT-B + CLAdapter SFT_new/dataset/Dataset_0622/normal/135734.875_s25_d99900_f-1677_wire_4.jpg,1.0,0.0,0,normal,vitb_cla_sft2,9
/home/opgw/KEPCO_May/ViT-B + CLAdapter SFT_new/dataset/Dataset_0622/normal/135734.875_s25_d99900_f-1677_wire_6.jpg,1.0,0.0,0,normal,vitb_cla_sft2,9
/home/opgw/KEPCO_May/ViT-B + CLAdapter SFT_new/dataset/Dataset_0622/normal/135736.059_s25_d3821_f-1677_wire_0.jpg,1.0,0.0,0,normal,vitb_cla_sft2,9
/home/opgw/KEPCO_May/ViT-B + CLAdapter SFT_new/dataset/Dataset_0622/normal/135736.059_s25_d3821_f-1677_wire_1.jpg,1.0,0.0,0,normal,vitb_cla_sft2,9
/home/opgw/KEPCO_May/ViT-B + CLAdapter SFT_new/dataset/Dataset_0622/normal/135736.059_s25_d3821_f-1677_wire_2.jpg,1.0,0.0,0,normal,vitb_cla_sft2,9
/home/opgw/KEPCO_May/ViT-B + CLAdapter SFT_new/dataset/Dataset_0622/normal/135736.059_s25_d3821_f-1677_wire_3.jpg,1.0,0.0,0,normal,vitb_cla_sft2,9
/home/opgw/KEPCO_May/ViT-B + CLAdapter SFT_new/dataset/Dataset_0622/normal/135736.059_s25_d3821_f-1677_wire_4.jpg,1.0,0.0,0,normal,vitb_cla_sft2,9
/home/opgw/KEPCO_May/ViT-B + CLAdapter SFT_new/dataset/Dataset_0622/normal/135736.059_s25_d3821_f-1677_wire_5.jpg,1.0,0.0,0,normal,vitb_cla_sft2,9
/home/opgw/KEPCO_May/ViT-B + CLAdapter SFT_new/dataset/Dataset_0622/normal/135736.059_s25_d3821_f-1677_wire_6.jpg,1.0,0.0,0,normal,vitb_cla_sft2,9
/home/opgw/KEPCO_May/ViT-B + CLAdapter SFT_new/dataset/Dataset_0622/normal/135736.059_s25_d3821_f-1677_wire_7.jpg,1.0,0.0,0,normal,vitb_cla_sft2,9
/home/opgw/KEPCO_May/ViT-B + CLAdapter SFT_new/dataset/Dataset_0622/normal/135736.059_s25_d3821_f-1677_wire_8.jpg,1.0,0.0,0,normal,vitb_cla_sft2,9
/home/opgw/KEPCO_May/ViT-B + CLAdapter SFT_new/dataset/Dataset_0622/normal/135736.059_s25_d3821_f-1677_wire_9.jpg,1.0,0.0,0,normal,vitb_cla_sft2,9
/home/opgw/KEPCO_May/ViT-B + CLAdapter SFT_new/dataset/Dataset_0622/normal/135737.027_s25_d99900_f-1658_wire_0.jpg,1.0,0.0,0,normal,vitb_cla_sft2,9
/home/opgw/KEPCO_May/ViT-B + CLAdapter SFT_new/dataset/Dataset_0622/normal/135737.027_s25_d99900_f-1658_wire_2.jpg,1.0,0.0,0,normal,vitb_cla_sft2,9
/home/opgw/KEPCO_May/ViT-B + CLAdapter SFT_new/dataset/Dataset_0622/normal/135737.027_s25_d99900_f-1658_wire_3.jpg,1.0,0.0,0,normal,vitb_cla_sft2,9
/home/opgw/KEPCO_May/ViT-B + CLAdapter SFT_new/dataset/Dataset_0622/normal/135737.027_s25_d99900_f-1658_wire_4.jpg,1.0,0.0,0,normal,vitb_cla_sft2,9
/home/opgw/KEPCO_May/ViT-B + CLAdapter SFT_new/dataset/Dataset_0622/normal/135737.027_s25_d99900_f-1658_wire_5.jpg,1.0,0.0,0,normal,vitb_cla_sft2,9
/home/opgw/KEPCO_May/ViT-B + CLAdapter SFT_new/dataset/Dataset_0622/normal/135737.027_s25_d99900_f-1658_wire_6.jpg,1.0,0.0,0,normal,vitb_cla_sft2,9
/home/opgw/KEPCO_May/ViT-B + CLAdapter SFT_new/dataset/Dataset_0622/normal/135740.728_s25_d4436_f-1658_wire_0.jpg,1.0,0.0,0,normal,vitb_cla_sft2,9
/home/opgw/KEPCO_May/ViT-B + CLAdapter SFT_new/dataset/Dataset_0622/normal/135740.728_s25_d4436_f-1658_wire_1.jpg,1.0,0.0,0,normal,vitb_cla_sft2,9
/home/opgw/KEPCO_May/ViT-B + CLAdapter SFT_new/dataset/Dataset_0622/normal/135740.728_s25_d4436_f-1658_wire_10.jpg,1.0,0.0,0,normal,vitb_cla_sft2,9
/home/opgw/KEPCO_May/ViT-B + CLAdapter SFT_new/dataset/Dataset_0622/normal/135740.728_s25_d4436_f-1658_wire_11.jpg,1.0,0.0,0,normal,vitb_cla_sft2,9
/home/opgw/KEPCO_May/ViT-B + CLAdapter SFT_new/dataset/Dataset_0622/normal/135740.728_s25_d4436_f-1658_wire_12.jpg,1.0,0.0,0,normal,vitb_cla_sft2,9
/home/opgw/KEPCO_May/ViT-B + CLAdapter SFT_new/dataset/Dataset_0622/normal/135740.728_s25_d4436_f-1658_wire_2.jpg,1.0,0.0,0,normal,vitb_cla_sft2,9
/home/opgw/KEPCO_May/ViT-B + CLAdapter SFT_new/dataset/Dataset_0622/normal/135740.728_s25_d4436_f-1658_wire_4.jpg,1.0,0.0,0,normal,vitb_cla_sft2,9
/home/opgw/KEPCO_May/ViT-B + CLAdapter SFT_new/dataset/Dataset_0622/normal/135740.728_s25_d4436_f-1658_wire_5.jpg,1.0,0.0,0,normal,vitb_cla_sft2,9
/home/opgw/KEPCO_May/ViT-B + CLAdapter SFT_new/dataset/Dataset_0622/normal/135740.728_s25_d4436_f-1658_wire_6.jpg,1.0,0.0,0,normal,vitb_cla_sft2,9
/home/opgw/KEPCO_May/ViT-B + CLAdapter SFT_new/dataset/Dataset_0622/normal/135740.728_s25_d4436_f-1658_wire_7.jpg,1.0,0.0,0,normal,vitb_cla_sft2,9
/home/opgw/KEPCO_May/ViT-B + CLAdapter SFT_new/dataset/Dataset_0622/normal/135740.728_s25_d4436_f-1658_wire_8.jpg,1.0,0.0,0,normal,vitb_cla_sft2,9
/home/opgw/KEPCO_May/ViT-B + CLAdapter SFT_new/dataset/Dataset_0622/normal/135740.728_s25_d4436_f-1658_wire_9.jpg,1.0,0.0,0,normal,vitb_cla_sft2,9
/home/opgw/KEPCO_May/ViT-B + CLAdapter SFT_new/dataset/Dataset_0622/normal/135745.949_s25_d99900_f-1605_wire_0.jpg,1.0,0.0,0,normal,vitb_cla_sft2,9
/home/opgw/KEPCO_May/ViT-B + CLAdapter SFT_new/dataset/Dataset_0622/normal/135745.949_s25_d99900_f-1605_wire_2.jpg,1.0,0.0,0,normal,vitb_cla_sft2,9
/home/opgw/KEPCO_May/ViT-B + CLAdapter SFT_new/dataset/Dataset_0622/normal/135745.949_s25_d99900_f-1605_wire_4.jpg,1.0,0.0,0,normal,vitb_cla_sft2,9
/home/opgw/KEPCO_May/ViT-B + CLAdapter SFT_new/dataset/Dataset_0622/normal/135745.949_s25_d99900_f-1605_wire_5.jpg,1.0,0.0,0,normal,vitb_cla_sft2,9
/home/opgw/KEPCO_May/ViT-B + CLAdapter SFT_new/dataset/Dataset_0622/normal/135745.949_s25_d99900_f-1605_wire_6.jpg,1.0,0.0,0,normal,vitb_cla_sft2,9
/home/opgw/KEPCO_May/ViT-B + CLAdapter SFT_new/dataset/Dataset_0622/normal/135745.949_s25_d99900_f-1605_wire_7.jpg,1.0,0.0,0,normal,vitb_cla_sft2,9
/home/opgw/KEPCO_May/ViT-B + CLAdapter SFT_new/dataset/Dataset_0622/normal/135751.707_s25_d99900_f-1615_wire_0.jpg,1.0,0.0,0,normal,vitb_cla_sft2,9
/home/opgw/KEPCO_May/ViT-B + CLAdapter SFT_new/dataset/Dataset_0622/normal/135751.707_s25_d99900_f-1615_wire_1.jpg,1.0,0.0,0,normal,vitb_cla_sft2,9
/home/opgw/KEPCO_May/ViT-B + CLAdapter SFT_new/dataset/Dataset_0622/normal/135751.707_s25_d99900_f-1615_wire_2.jpg,1.0,0.0,0,normal,vitb_cla_sft2,9
/home/opgw/KEPCO_May/ViT-B + CLAdapter SFT_new/dataset/Dataset_0622/normal/135751.707_s25_d99900_f-1615_wire_3.jpg,1.0,0.0,0,normal,vitb_cla_sft2,9
/home/opgw/KEPCO_May/ViT-B + CLAdapter SFT_new/dataset/Dataset_0622/normal/135751.707_s25_d99900_f-1615_wire_4.jpg,1.0,0.0,0,normal,vitb_cla_sft2,9
/home/opgw/KEPCO_May/ViT-B + CLAdapter SFT_new/dataset/Dataset_0622/normal/135751.707_s25_d99900_f-1615_wire_5.jpg,1.0,0.0,0,normal,vitb_cla_sft2,9
/home/opgw/KEPCO_May/ViT-B + CLAdapter SFT_new/dataset/Dataset_0622/normal/135752.909_s25_d4236_f-1615_wire_0.jpg,1.0,0.0,0,normal,vitb_cla_sft2,9
/home/opgw/KEPCO_May/ViT-B + CLAdapter SFT_new/dataset/Dataset_0622/normal/135752.909_s25_d4236_f-1615_wire_1.jpg,1.0,0.0,0,normal,vitb_cla_sft2,9
/home/opgw/KEPCO_May/ViT-B + CLAdapter SFT_new/dataset/Dataset_0622/normal/135752.909_s25_d4236_f-1615_wire_11.jpg,1.0,0.0,0,normal,vitb_cla_sft2,9
/home/opgw/KEPCO_May/ViT-B + CLAdapter SFT_new/dataset/Dataset_0622/normal/135752.909_s25_d4236_f-1615_wire_2.jpg,1.0,0.0,0,normal,vitb_cla_sft2,9
/home/opgw/KEPCO_May/ViT-B + CLAdapter SFT_new/dataset/Dataset_0622/normal/135752.909_s25_d4236_f-1615_wire_6.jpg,1.0,0.0,0,normal,vitb_cla_sft2,9
/home/opgw/KEPCO_May/ViT-B + CLAdapter SFT_new/dataset/Dataset_0622/normal/135752.909_s25_d4236_f-1615_wire_9.jpg,1.0,0.0,0,normal,vitb_cla_sft2,9
/home/opgw/KEPCO_May/ViT-B + CLAdapter SFT_new/dataset/Dataset_0622/normal/135753.416_s25_d99900_f-1630_wire_0.jpg,1.0,0.0,0,normal,vitb_cla_sft2,9
/home/opgw/KEPCO_May/ViT-B + CLAdapter SFT_new/dataset/Dataset_0622/normal/135753.416_s25_d99900_f-1630_wire_4.jpg,1.0,0.0,0,normal,vitb_cla_sft2,9
/home/opgw/KEPCO_May/ViT-B + CLAdapter SFT_new/dataset/Dataset_0622/normal/135753.985_s25_d99900_f-1630_wire_4.jpg,1.0,0.0,0,normal,vitb_cla_sft2,9
/home/opgw/KEPCO_May/ViT-B + CLAdapter SFT_new/dataset/Dataset_0622/normal/135805.122_s25_d4853_f-1597_wire_6.jpg,1.0,0.0,0,normal,vitb_cla_sft2,9
/home/opgw/KEPCO_May/ViT-B + CLAdapter SFT_new/dataset/Dataset_0622/normal/135805.122_s25_d4853_f-1597_wire_7.jpg,1.0,0.0,0,normal,vitb_cla_sft2,9
/home/opgw/KEPCO_May/ViT-B + CLAdapter SFT_new/dataset/Dataset_0622/normal/135805.122_s25_d4853_f-1597_wire_8.jpg,1.0,0.0,0,normal,vitb_cla_sft2,9
/home/opgw/KEPCO_May/ViT-B + CLAdapter SFT_new/dataset/Dataset_0622/normal/140128.560_s25_d4402_f-1640_wire_0.jpg,1.0,0.0,0,normal,vitb_cla_sft2,9
